application_id,application_name,cpu_usage,memory_usage,age_years,criticality,compliance_flag,dependency_ids,dependency_count
APP001,re-intermediate rich schemas,0.4,0.1,6,Low,0,"APP599,APP341,APP610,APP583",4
APP002,extend revolutionary interfaces,0.65,0.78,11,Medium,1,"APP105,APP197",2
APP003,whiteboard scalable paradigms,0.2,0.68,9,High,1,"APP157,APP230",2
APP004,implement transparent web-readiness,0.35,0.24,5,Low,0,"APP140,APP355,APP660",3
APP005,morph open-source e-tailers,0.52,0.21,1,Medium,0,"APP013,APP345,APP220,APP475,APP635",5
APP006,repurpose real-time platforms,0.51,0.65,1,Low,0,"APP265,APP602",2
APP007,harness vertical infrastructures,0.3,0.58,15,Low,0,APP276,1
APP008,leverage dot-com platforms,0.82,0.2,14,Medium,1,"APP614,APP228,APP328",3
APP009,re-contextualize granular ROI,0.7,0.21,5,High,0,"APP260,APP403,APP195",3
APP010,leverage distributed info-mediaries,0.54,0.78,15,Medium,1,0,0
APP011,productize robust applications,0.93,0.11,11,Medium,1,"APP071,APP081",2
APP012,redefine value-added niches,0.88,0.74,10,Medium,1,"APP168,APP321,APP328",3
APP013,incentivize 24/7 communities,0.11,0.93,1,High,0,"APP438,APP319",2
APP014,repurpose plug-and-play applications,0.27,0.82,11,Medium,0,"APP499,APP676,APP016",3
APP015,e-enable cutting-edge supply-chains,0.32,0.68,10,High,1,"APP208,APP106,APP588,APP561,APP425",5
APP016,reinvent global e-markets,0.42,0.8,2,High,1,"APP514,APP125",2
APP017,disintermediate world-class action-items,0.62,0.46,10,High,1,"APP165,APP133,APP203,APP498,APP645",5
APP018,architect synergistic e-services,0.73,0.72,8,High,0,"APP607,APP083,APP624,APP612,APP269",5
APP019,aggregate e-business metrics,0.63,0.2,15,Medium,1,0,0
APP020,morph scalable platforms,0.83,0.67,3,Medium,0,"APP154,APP162",2
APP021,redefine wireless eyeballs,0.14,0.65,12,Low,1,"APP017,APP640,APP691",3
APP022,unleash plug-and-play channels,0.68,0.68,12,Medium,1,"APP230,APP469,APP502",3
APP023,reinvent distributed e-services,0.41,0.88,10,High,0,APP210,1
APP024,deliver 24/7 infrastructures,0.23,0.11,14,Low,0,"APP132,APP187,APP318",3
APP025,facilitate proactive users,0.61,0.76,4,Low,0,"APP519,APP340,APP467,APP696,APP066",5
APP026,revolutionize interactive e-business,0.41,0.4,2,Medium,1,"APP311,APP573,APP269,APP627,APP514",5
APP027,revolutionize visionary architectures,0.45,0.63,8,Low,0,"APP654,APP691,APP300",3
APP028,grow dot-com platforms,0.45,0.84,9,Medium,0,"APP384,APP678,APP319,APP202,APP637",5
APP029,synthesize open-source e-commerce,0.22,0.62,4,Medium,0,"APP108,APP509,APP599,APP551,APP289",5
APP030,brand robust experiences,0.65,0.5,1,Medium,1,0,0
APP031,transform killer synergies,0.86,0.56,9,High,1,"APP662,APP351,APP250",3
APP032,optimize plug-and-play eyeballs,0.88,0.66,5,Medium,0,"APP582,APP446,APP249,APP442,APP683",5
APP033,matrix open-source e-business,0.54,0.91,1,Low,0,"APP504,APP135,APP032,APP348",4
APP034,morph transparent infrastructures,0.89,0.54,15,Medium,1,"APP228,APP408,APP418,APP121",4
APP035,drive customized action-items,0.34,0.31,3,High,0,0,0
APP036,synthesize scalable channels,0.15,0.41,1,High,1,"APP606,APP070,APP518,APP140,APP259",5
APP037,syndicate magnetic experiences,0.59,0.36,9,High,1,"APP183,APP053,APP531,APP027,APP204",5
APP038,innovate 24/365 users,0.88,0.64,1,Medium,0,APP634,1
APP039,syndicate next-generation action-items,0.58,0.86,15,Low,0,APP023,1
APP040,incentivize cross-media methodologies,0.24,0.85,2,Medium,1,0,0
APP041,embrace frictionless e-markets,0.13,0.21,9,High,0,0,0
APP042,syndicate granular initiatives,0.51,0.26,15,High,1,0,0
APP043,enable open-source functionalities,0.37,0.38,8,Medium,0,APP532,1
APP044,maximize B2C e-markets,0.39,0.13,1,Low,1,"APP141,APP164",2
APP045,incubate bricks-and-clicks infrastructures,0.61,0.29,9,Medium,0,"APP397,APP573,APP431,APP617,APP406",5
APP046,leverage interactive markets,0.52,0.52,7,High,0,"APP647,APP694,APP574,APP228",4
APP047,generate viral architectures,0.47,0.51,4,Low,0,"APP437,APP052,APP096",3
APP048,enhance next-generation e-tailers,0.68,0.24,7,High,1,"APP576,APP651,APP396",3
APP049,transform world-class functionalities,0.86,0.79,12,Low,1,"APP521,APP400,APP673,APP026",4
APP050,envisioneer strategic relationships,0.62,0.62,7,High,0,"APP289,APP306,APP645,APP546,APP319",5
APP051,enable dynamic communities,0.55,0.26,14,Low,0,0,0
APP052,streamline 24/7 experiences,0.87,0.28,14,High,1,"APP149,APP492,APP533",3
APP053,matrix world-class deliverables,0.74,0.96,7,High,0,"APP096,APP125,APP642,APP412,APP429",5
APP054,transform holistic applications,0.6,0.21,1,High,1,0,0
APP055,embrace clicks-and-mortar partnerships,0.46,0.83,3,Low,1,APP084,1
APP056,redefine enterprise e-tailers,0.85,0.27,11,Low,1,"APP494,APP196,APP630,APP262",4
APP057,implement one-to-one metrics,0.44,0.82,7,Medium,0,"APP230,APP350,APP684,APP274",4
APP058,mesh 24/365 partnerships,0.57,0.75,4,Medium,1,0,0
APP059,incentivize distributed e-business,0.6,0.44,5,High,1,0,0
APP060,synergize out-of-the-box networks,0.53,0.18,4,Low,1,"APP606,APP687",2
APP061,synthesize visionary applications,0.4,0.3,13,Medium,1,"APP365,APP189",2
APP062,maximize robust metrics,0.89,0.99,15,Low,0,"APP269,APP539",2
APP063,evolve granular models,0.71,0.5,6,Low,1,"APP271,APP677,APP659",3
APP064,unleash compelling channels,0.35,0.11,11,Low,0,"APP181,APP604,APP073,APP006,APP613",5
APP065,innovate dynamic applications,0.27,0.86,3,High,0,APP545,1
APP066,evolve bleeding-edge technologies,0.93,0.99,3,Medium,0,APP218,1
APP067,brand revolutionary e-tailers,0.41,0.66,7,High,1,"APP304,APP073,APP274,APP059",4
APP068,maximize clicks-and-mortar models,0.11,0.86,12,Low,0,"APP409,APP290,APP087,APP421",4
APP069,streamline clicks-and-mortar infrastructures,0.33,0.22,5,High,0,"APP386,APP194,APP260,APP029,APP155",5
APP070,leverage enterprise paradigms,0.47,0.11,13,Medium,1,APP282,1
APP071,optimize sticky interfaces,0.99,0.16,2,High,1,"APP339,APP670,APP130",3
APP072,incubate impactful synergies,0.97,0.32,1,Medium,1,0,0
APP073,leverage global e-business,0.25,0.57,3,Medium,1,APP453,1
APP074,evolve virtual networks,0.92,0.43,10,High,0,0,0
APP075,monetize best-of-breed e-services,0.56,0.76,1,Medium,0,"APP243,APP373,APP056",3
APP076,generate dot-com content,0.36,0.45,2,Low,1,APP331,1
APP077,orchestrate dynamic communities,0.3,0.11,6,High,0,0,0
APP078,strategize killer e-business,0.41,0.46,14,Low,1,"APP565,APP172,APP598,APP070",4
APP079,whiteboard intuitive experiences,0.17,0.68,1,High,1,"APP456,APP177,APP372,APP051,APP264",5
APP080,unleash turn-key action-items,0.99,0.17,14,Medium,0,APP180,1
APP081,matrix front-end web services,0.4,0.35,2,Low,0,APP473,1
APP082,drive ubiquitous metrics,0.38,0.4,9,High,1,"APP295,APP312,APP016,APP598",4
APP083,matrix dot-com info-mediaries,0.74,0.87,1,Low,1,"APP427,APP476,APP349,APP539",4
APP084,incubate customized supply-chains,0.74,0.29,7,Low,0,0,0
APP085,streamline best-of-breed markets,0.54,0.72,5,Medium,0,0,0
APP086,grow interactive deliverables,0.6,0.4,13,High,1,"APP455,APP476,APP685,APP445",4
APP087,repurpose holistic content,0.64,0.31,9,High,0,0,0
APP088,scale virtual markets,0.83,0.59,14,Medium,1,"APP560,APP445,APP605,APP015,APP194",5
APP089,cultivate seamless convergence,0.92,0.74,9,Low,1,0,0
APP090,synergize 24/365 systems,0.68,0.56,8,Low,1,"APP139,APP022,APP500,APP085",4
APP091,empower web-enabled vortals,0.73,0.86,3,Medium,1,"APP688,APP046,APP594,APP670",4
APP092,syndicate cutting-edge metrics,0.81,0.44,13,Low,1,"APP618,APP604,APP606,APP307",4
APP093,unleash magnetic solutions,0.43,0.3,8,Medium,0,"APP528,APP022",2
APP094,transform dynamic architectures,0.51,0.63,14,High,1,0,0
APP095,extend vertical systems,0.38,0.71,15,Medium,0,0,0
APP096,redefine clicks-and-mortar action-items,0.76,0.38,2,Medium,0,"APP360,APP636,APP497",3
APP097,envisioneer customized e-tailers,0.32,0.12,8,Medium,1,APP029,1
APP098,envisioneer B2C metrics,0.79,0.16,6,Low,0,"APP548,APP547",2
APP099,deliver best-of-breed e-business,0.55,0.63,10,Medium,1,"APP127,APP609,APP470",3
APP100,revolutionize B2C content,0.3,0.53,14,Medium,1,"APP145,APP517,APP594,APP546,APP317",5
APP101,orchestrate synergistic ROI,0.28,0.4,10,High,0,APP631,1
APP102,re-contextualize bricks-and-clicks web-readiness,0.76,0.52,12,High,0,"APP219,APP141",2
APP103,visualize compelling eyeballs,0.27,0.75,12,High,1,"APP660,APP268,APP470,APP078",4
APP104,syndicate magnetic info-mediaries,0.9,0.6,13,Low,0,"APP570,APP048",2
APP105,enable 24/365 models,0.12,0.49,12,High,1,0,0
APP106,unleash web-enabled applications,0.6,0.78,13,High,1,APP635,1
APP107,re-intermediate sticky architectures,0.55,0.73,12,Low,0,"APP004,APP664,APP636,APP370",4
APP108,mesh global methodologies,0.26,0.95,13,High,0,APP698,1
APP109,repurpose vertical platforms,0.43,0.84,5,Medium,1,0,0
APP110,innovate killer functionalities,0.38,0.81,11,Medium,1,"APP050,APP562,APP612,APP065,APP198",5
APP111,enhance front-end interfaces,0.78,0.14,12,Low,0,APP181,1
APP112,enhance virtual infrastructures,0.52,0.29,3,High,1,"APP391,APP182,APP323",3
APP113,harness compelling communities,0.81,0.34,12,Low,1,"APP451,APP256,APP341,APP609",4
APP114,aggregate interactive infrastructures,0.94,0.33,12,High,0,"APP020,APP439",2
APP115,innovate dot-com e-tailers,0.82,0.42,3,Medium,1,"APP669,APP656",2
APP116,facilitate enterprise web services,0.45,0.99,14,Low,0,"APP627,APP506,APP276,APP240",4
APP117,innovate end-to-end supply-chains,0.89,0.24,14,Low,0,APP544,1
APP118,extend impactful ROI,0.12,0.54,9,High,1,"APP696,APP446,APP570,APP588,APP157",5
APP119,transform compelling paradigms,0.32,0.78,12,Medium,0,0,0
APP120,exploit proactive interfaces,0.94,0.3,2,Medium,1,"APP200,APP073,APP176",3
APP121,morph open-source channels,0.1,0.52,2,Medium,1,0,0
APP122,optimize front-end methodologies,0.8,0.46,13,High,1,"APP636,APP161,APP258,APP159",4
APP123,e-enable virtual bandwidth,0.47,0.32,4,High,1,"APP517,APP578,APP367,APP560,APP348",5
APP124,drive world-class e-services,0.65,0.56,12,Low,0,"APP083,APP389",2
APP125,enable end-to-end e-tailers,0.26,0.64,4,Medium,0,APP669,1
APP126,visualize cross-media synergies,0.44,0.65,1,Medium,0,APP607,1
APP127,re-intermediate cross-platform communities,0.25,0.25,13,High,1,"APP477,APP558,APP582,APP040",4
APP128,reinvent out-of-the-box infrastructures,0.25,0.95,7,Medium,0,"APP619,APP069,APP290,APP002,APP332",5
APP129,deploy global web-readiness,0.16,0.42,9,Medium,1,"APP006,APP376,APP628,APP322,APP462",5
APP130,deploy wireless platforms,0.37,0.88,3,High,1,"APP558,APP686,APP306,APP262,APP462",5
APP131,engineer real-time relationships,0.66,0.65,3,Medium,1,"APP107,APP132",2
APP132,grow turn-key info-mediaries,0.86,0.67,7,High,0,0,0
APP133,optimize scalable solutions,0.92,0.18,4,High,0,"APP422,APP341,APP071,APP218",4
APP134,extend innovative info-mediaries,0.58,0.36,7,Low,0,APP587,1
APP135,visualize front-end e-markets,0.64,0.85,1,Low,0,"APP066,APP380,APP175,APP353,APP070",5
APP136,productize bleeding-edge methodologies,0.68,0.18,7,Low,1,"APP687,APP524,APP370",3
APP137,expedite impactful platforms,0.76,0.69,13,Medium,0,APP108,1
APP138,redefine revolutionary web services,0.14,0.48,11,High,1,APP283,1
APP139,matrix leading-edge action-items,0.94,0.56,14,Medium,1,APP106,1
APP140,disintermediate wireless deliverables,0.95,0.67,12,Low,0,0,0
APP141,strategize impactful applications,0.86,0.17,12,Low,1,"APP212,APP448,APP554,APP268,APP026",5
APP142,leverage robust applications,0.79,0.82,1,Low,0,"APP496,APP564,APP043,APP113",4
APP143,unleash out-of-the-box content,0.29,0.81,8,Low,0,"APP559,APP408,APP323,APP391,APP439",5
APP144,syndicate scalable platforms,0.9,0.33,2,Low,0,"APP526,APP524,APP269,APP350",4
APP145,evolve e-business supply-chains,0.89,0.66,4,Medium,1,APP295,1
APP146,revolutionize impactful synergies,0.35,0.87,8,Medium,0,"APP026,APP459,APP187",3
APP147,embrace collaborative paradigms,0.17,0.2,5,Low,1,APP243,1
APP148,maximize value-added ROI,0.12,0.88,7,High,1,"APP366,APP410,APP542,APP152",4
APP149,aggregate clicks-and-mortar channels,0.6,0.21,7,High,1,APP528,1
APP150,reinvent real-time users,0.86,0.63,1,Low,0,"APP532,APP136,APP598,APP606,APP073",5
APP151,embrace compelling communities,0.91,0.46,6,Low,0,"APP630,APP170,APP089,APP355",4
APP152,incentivize B2B partnerships,0.46,0.26,6,High,1,"APP349,APP460",2
APP153,unleash scalable initiatives,0.75,0.54,8,High,0,"APP214,APP276,APP594",3
APP154,grow holistic schemas,0.54,0.32,3,Low,1,"APP012,APP076,APP396",3
APP155,evolve integrated metrics,1.0,0.76,14,Low,0,"APP189,APP472,APP386",3
APP156,mesh collaborative eyeballs,0.59,0.43,12,Low,1,"APP051,APP385,APP230,APP579",4
APP157,streamline front-end deliverables,0.37,0.78,8,Medium,0,"APP192,APP455,APP234",3
APP158,matrix enterprise e-business,0.11,0.61,10,Medium,1,"APP034,APP166,APP432,APP340",4
APP159,generate clicks-and-mortar technologies,0.97,0.61,9,Medium,1,"APP193,APP455",2
APP160,engage front-end markets,0.27,0.51,5,Medium,0,"APP696,APP249,APP492,APP211,APP094",5
APP161,strategize viral portals,0.26,0.87,4,Medium,1,"APP639,APP458",2
APP162,synergize bleeding-edge experiences,0.34,0.43,11,High,0,"APP154,APP492,APP382",3
APP163,re-contextualize visionary bandwidth,0.88,0.72,13,Low,0,"APP315,APP382,APP279",3
APP164,disintermediate e-business markets,0.5,0.68,5,High,0,"APP515,APP517,APP521,APP593",4
APP165,brand strategic applications,0.3,0.65,4,Low,1,"APP341,APP376,APP290,APP469",4
APP166,leverage revolutionary functionalities,0.13,0.34,5,High,0,0,0
APP167,disintermediate rich e-services,0.97,0.75,14,Medium,1,"APP096,APP198,APP159,APP088",4
APP168,enhance real-time interfaces,0.32,0.27,14,High,1,0,0
APP169,expedite wireless communities,0.95,0.88,2,Medium,0,APP226,1
APP170,enhance open-source web services,0.37,0.79,3,Low,1,"APP156,APP036,APP431,APP493",4
APP171,seize rich vortals,0.95,0.65,10,Medium,1,"APP039,APP059,APP275",3
APP172,maximize web-enabled infrastructures,0.27,0.78,11,High,1,"APP562,APP570,APP353,APP696,APP691",5
APP173,synthesize global solutions,0.48,0.46,14,Medium,1,"APP635,APP534,APP283",3
APP174,cultivate intuitive niches,0.78,0.64,8,High,1,"APP032,APP445,APP654,APP411",4
APP175,engage seamless models,0.88,0.18,12,High,0,"APP118,APP616,APP009,APP373",4
APP176,facilitate next-generation models,0.89,0.71,1,Low,0,"APP606,APP374,APP609,APP035",4
APP177,visualize end-to-end channels,0.5,0.61,3,Low,0,"APP443,APP398,APP185",3
APP178,orchestrate global applications,0.6,0.43,12,Low,1,"APP274,APP306",2
APP179,reinvent bleeding-edge niches,0.19,0.85,15,Medium,1,"APP134,APP203,APP313,APP326,APP378",5
APP180,syndicate viral models,0.86,0.14,14,High,0,"APP084,APP624",2
APP181,iterate 24/365 functionalities,0.36,0.29,4,Medium,1,"APP301,APP101,APP164,APP079",4
APP182,scale web-enabled eyeballs,0.65,0.74,2,Medium,1,"APP071,APP625",2
APP183,embrace customized technologies,0.25,0.39,14,Low,0,"APP410,APP569,APP131",3
APP184,incubate rich e-tailers,0.35,0.33,1,Low,1,"APP121,APP666,APP173,APP043",4
APP185,synergize bleeding-edge paradigms,0.67,0.67,4,High,1,"APP673,APP277,APP023,APP397",4
APP186,unleash impactful partnerships,0.5,0.34,6,Low,0,0,0
APP187,matrix front-end e-business,0.6,0.23,15,Medium,1,"APP321,APP470,APP344,APP474",4
APP188,visualize turn-key metrics,0.42,0.44,11,Low,1,"APP259,APP550,APP221,APP224,APP229",5
APP189,re-contextualize user-centric paradigms,0.45,0.61,3,Low,1,"APP271,APP175,APP597,APP379",4
APP190,cultivate B2C technologies,0.57,0.96,6,High,0,"APP154,APP663",2
APP191,morph world-class experiences,0.97,0.92,2,Medium,0,APP221,1
APP192,mesh virtual eyeballs,0.17,0.82,3,Medium,1,"APP275,APP134,APP154,APP672",4
APP193,evolve dynamic metrics,0.89,0.31,3,Low,0,"APP332,APP570,APP321,APP643,APP014",5
APP194,orchestrate bricks-and-clicks architectures,0.55,0.78,6,Low,1,"APP596,APP183,APP077,APP212",4
APP195,harness scalable solutions,0.43,0.16,1,Low,0,"APP623,APP375,APP011,APP411",4
APP196,orchestrate web-enabled markets,0.48,0.21,6,Medium,1,APP312,1
APP197,synthesize value-added synergies,0.66,0.19,13,High,1,"APP157,APP064,APP120",3
APP198,evolve intuitive technologies,0.77,0.64,8,High,1,"APP375,APP201",2
APP199,matrix B2B e-services,0.15,0.8,4,Low,1,"APP024,APP627",2
APP200,syndicate innovative metrics,0.66,0.93,15,Medium,1,0,0
APP201,transition extensible architectures,0.55,0.51,15,Low,0,"APP670,APP234,APP556,APP091",4
APP202,repurpose killer applications,0.67,0.86,7,High,0,"APP555,APP407,APP084,APP082,APP161",5
APP203,transform best-of-breed functionalities,0.43,0.98,10,Low,0,"APP280,APP689",2
APP204,revolutionize front-end portals,1.0,0.56,6,Medium,1,APP096,1
APP205,scale viral infrastructures,0.21,0.69,9,Medium,0,"APP151,APP157,APP692",3
APP206,streamline best-of-breed ROI,0.41,0.31,3,High,0,0,0
APP207,optimize cutting-edge portals,0.45,0.7,5,Medium,1,"APP403,APP421,APP098,APP627",4
APP208,aggregate revolutionary mindshare,0.6,0.89,6,Medium,0,"APP083,APP663,APP649",3
APP209,re-intermediate user-centric systems,0.33,0.57,7,High,1,"APP340,APP093",2
APP210,synergize interactive initiatives,0.3,0.14,14,Low,1,"APP658,APP310,APP083",3
APP211,visualize vertical web services,0.75,0.77,9,Medium,1,APP475,1
APP212,engage back-end methodologies,0.95,0.45,7,Low,0,0,0
APP213,benchmark compelling markets,0.23,0.41,4,Low,0,"APP204,APP423,APP224",3
APP214,expedite sticky portals,0.16,0.67,6,Medium,1,"APP655,APP665,APP027",3
APP215,facilitate bleeding-edge e-commerce,0.55,0.58,11,Medium,0,"APP087,APP441",2
APP216,incentivize bleeding-edge solutions,0.58,0.16,2,Low,1,0,0
APP217,monetize impactful networks,0.41,0.4,2,High,0,APP536,1
APP218,syndicate next-generation models,0.35,0.55,11,Low,0,"APP107,APP543,APP044,APP527",4
APP219,brand cross-media paradigms,0.77,0.85,1,Medium,0,"APP652,APP249,APP574,APP648",4
APP220,maximize holistic experiences,0.34,0.87,14,Low,1,0,0
APP221,transform frictionless bandwidth,0.31,0.39,11,Medium,0,"APP368,APP133",2
APP222,optimize one-to-one systems,0.86,0.23,11,Medium,0,"APP164,APP129,APP636",3
APP223,iterate e-business markets,0.71,0.83,9,Low,0,"APP363,APP098,APP685,APP397",4
APP224,drive holistic experiences,0.96,0.79,14,Low,1,"APP445,APP642",2
APP225,morph distributed architectures,0.26,0.77,7,Low,1,"APP027,APP552,APP466,APP119,APP196",5
APP226,evolve innovative e-services,0.18,0.35,14,Low,0,"APP225,APP692,APP699,APP355",4
APP227,synthesize intuitive systems,0.2,0.39,9,High,1,"APP360,APP291,APP359,APP696,APP382",5
APP228,re-intermediate mission-critical relationships,0.61,0.22,4,Low,0,"APP250,APP340,APP095",3
APP229,exploit cross-platform eyeballs,0.71,0.77,14,Medium,1,"APP656,APP097,APP227,APP219,APP515",5
APP230,seize enterprise initiatives,0.5,0.84,13,High,0,APP006,1
APP231,enable collaborative platforms,0.78,0.49,9,High,1,0,0
APP232,engineer bleeding-edge models,0.63,0.78,4,Low,1,"APP587,APP546,APP481,APP618",4
APP233,embrace visionary web services,0.5,0.57,7,High,0,"APP339,APP637,APP129",3
APP234,deliver innovative bandwidth,0.2,0.39,7,High,0,"APP351,APP169,APP150",3
APP235,implement strategic paradigms,0.6,0.64,8,High,1,"APP274,APP063,APP376,APP105",4
APP236,aggregate leading-edge interfaces,0.88,0.82,8,Low,0,APP681,1
APP237,harness impactful functionalities,0.77,0.31,10,Medium,1,"APP108,APP240,APP352,APP379",4
APP238,iterate seamless technologies,0.27,0.8,13,High,1,"APP259,APP149",2
APP239,productize leading-edge info-mediaries,0.73,0.63,10,Low,0,"APP428,APP355,APP601",3
APP240,synergize B2B mindshare,0.41,0.33,10,High,1,APP625,1
APP241,implement holistic models,0.39,0.84,3,Medium,0,"APP642,APP231,APP420,APP562",4
APP242,streamline cross-media partnerships,0.32,0.3,13,Medium,0,"APP257,APP336,APP605",3
APP243,re-intermediate sticky action-items,0.71,1.0,3,Medium,0,"APP425,APP603,APP430,APP311,APP150",5
APP244,reinvent one-to-one applications,0.69,0.2,3,High,0,"APP559,APP586",2
APP245,brand bricks-and-clicks bandwidth,0.46,0.62,11,Low,0,"APP253,APP441,APP500,APP334,APP584",5
APP246,extend holistic models,0.58,0.99,7,Low,1,"APP536,APP620",2
APP247,e-enable cross-platform eyeballs,0.13,0.97,2,Medium,1,"APP131,APP335,APP700,APP665,APP658",5
APP248,seize out-of-the-box e-markets,0.82,0.16,9,High,0,"APP539,APP217,APP292",3
APP249,productize 24/365 models,0.84,0.88,6,High,1,"APP006,APP582",2
APP250,extend visionary bandwidth,0.44,0.16,5,Low,1,APP073,1
APP251,architect interactive e-services,0.45,0.61,1,Low,0,"APP431,APP678,APP072,APP222",4
APP252,brand virtual markets,0.55,0.87,9,Medium,0,"APP552,APP111,APP266",3
APP253,re-intermediate value-added ROI,0.7,0.3,6,Medium,0,"APP482,APP091,APP585,APP251",4
APP254,revolutionize cutting-edge e-markets,0.82,0.76,5,Low,0,"APP252,APP012,APP473",3
APP255,enhance sticky web-readiness,0.53,0.91,9,Medium,0,0,0
APP256,synergize revolutionary communities,0.2,0.93,4,Low,1,"APP368,APP646,APP357,APP219",4
APP257,transition rich e-services,0.61,0.43,5,Medium,0,"APP058,APP692",2
APP258,brand bricks-and-clicks ROI,0.27,0.25,8,Low,1,APP198,1
APP259,synergize open-source markets,0.11,0.97,9,Medium,1,"APP606,APP608",2
APP260,target global content,0.69,0.37,9,Medium,0,"APP584,APP593,APP306,APP126",4
APP261,innovate 24/7 infrastructures,0.67,0.26,1,Medium,1,"APP361,APP367",2
APP262,evolve efficient eyeballs,0.2,0.98,2,Low,0,"APP340,APP427",2
APP263,re-contextualize rich applications,0.6,0.53,6,Medium,0,"APP489,APP620,APP111,APP300,APP103",5
APP264,transition cross-media infrastructures,0.66,0.74,2,High,1,APP355,1
APP265,evolve impactful supply-chains,0.73,1.0,11,Medium,1,"APP652,APP658,APP404,APP127,APP671",5
APP266,optimize efficient metrics,0.44,0.24,11,High,0,"APP640,APP002,APP342",3
APP267,architect plug-and-play users,0.31,0.2,5,High,0,"APP375,APP500,APP390,APP088",4
APP268,strategize global e-business,0.12,0.77,9,Medium,1,"APP081,APP454,APP121,APP611",4
APP269,revolutionize impactful e-business,0.59,0.61,5,Medium,1,"APP573,APP537,APP320,APP133,APP519",5
APP270,whiteboard turn-key channels,0.6,0.31,7,Low,1,"APP455,APP638,APP438,APP191",4
APP271,integrate cutting-edge schemas,0.3,0.66,15,High,0,"APP536,APP584",2
APP272,redefine e-business metrics,0.58,0.42,15,Low,1,APP317,1
APP273,integrate sticky interfaces,0.48,0.59,9,Medium,0,APP348,1
APP274,incubate back-end vortals,0.89,0.88,11,Low,1,APP472,1
APP275,innovate granular architectures,0.87,0.65,3,Medium,0,"APP186,APP694,APP563,APP074,APP596",5
APP276,synergize robust schemas,0.77,0.18,7,High,0,APP447,1
APP277,disintermediate plug-and-play technologies,0.57,0.48,8,Low,0,APP512,1
APP278,empower synergistic initiatives,0.61,0.65,12,High,0,"APP077,APP626,APP553,APP001,APP383",5
APP279,engage real-time applications,0.94,0.7,3,Medium,1,"APP227,APP232,APP094,APP103",4
APP280,transition seamless solutions,0.13,1.0,13,Low,1,"APP301,APP103,APP410,APP218,APP597",5
APP281,revolutionize impactful web-readiness,0.35,0.97,2,High,1,"APP069,APP346",2
APP282,embrace value-added e-markets,0.61,0.64,8,High,0,"APP521,APP273,APP034,APP222,APP077",5
APP283,re-intermediate e-business synergies,0.26,0.5,10,Medium,0,"APP434,APP206,APP484",3
APP284,expedite distributed platforms,0.93,0.48,9,Medium,0,APP414,1
APP285,architect seamless info-mediaries,0.27,0.74,10,Medium,0,APP603,1
APP286,morph dynamic eyeballs,0.46,0.62,10,High,0,"APP618,APP519,APP623,APP429",4
APP287,optimize vertical functionalities,0.97,0.74,6,Low,1,"APP101,APP485,APP097",3
APP288,implement mission-critical ROI,0.1,0.16,15,High,1,"APP400,APP691,APP050,APP206,APP127",5
APP289,transform cross-platform models,0.57,0.39,2,High,1,"APP648,APP169,APP101,APP117",4
APP290,optimize out-of-the-box paradigms,0.84,0.31,9,Medium,1,"APP025,APP339,APP592",3
APP291,redefine open-source synergies,0.65,0.6,9,High,0,"APP225,APP597",2
APP292,enhance open-source mindshare,0.22,0.4,3,Medium,0,"APP327,APP004,APP564,APP371,APP574",5
APP293,enhance visionary metrics,0.46,0.97,7,Low,1,"APP152,APP419",2
APP294,embrace interactive convergence,0.58,0.3,1,Medium,1,"APP146,APP147,APP302,APP043,APP269",5
APP295,synergize scalable niches,0.74,0.99,5,High,1,APP249,1
APP296,enable efficient e-tailers,0.58,0.95,4,High,1,"APP640,APP672,APP433",3
APP297,transition vertical info-mediaries,0.67,0.15,8,Medium,0,"APP332,APP205,APP463",3
APP298,scale visionary solutions,0.25,0.13,10,High,1,"APP234,APP361,APP026,APP122,APP447",5
APP299,synthesize viral communities,0.52,0.3,9,Medium,1,"APP324,APP499,APP562,APP356",4
APP300,deploy best-of-breed functionalities,0.73,0.36,8,High,1,"APP212,APP320",2
APP301,whiteboard virtual communities,0.43,0.51,4,Low,0,0,0
APP302,streamline seamless systems,0.57,0.77,1,Medium,0,APP244,1
APP303,brand magnetic technologies,0.96,0.35,4,Low,1,APP215,1
APP304,harness value-added interfaces,0.29,0.84,1,High,1,"APP637,APP486,APP472,APP255,APP526",5
APP305,transform seamless deliverables,0.42,0.87,3,Medium,1,APP685,1
APP306,exploit collaborative e-tailers,0.8,0.25,5,High,1,0,0
APP307,brand web-enabled applications,0.91,0.64,8,Medium,0,"APP617,APP367,APP046,APP476,APP038",5
APP308,productize collaborative bandwidth,0.54,0.21,9,High,0,0,0
APP309,visualize holistic applications,0.65,0.52,1,Low,0,APP107,1
APP310,benchmark impactful communities,0.38,0.62,14,Low,0,"APP135,APP332",2
APP311,monetize next-generation methodologies,0.5,0.7,11,Low,0,"APP075,APP682,APP596,APP333",4
APP312,disintermediate rich communities,0.66,0.92,5,Low,1,"APP008,APP024",2
APP313,cultivate efficient web-readiness,0.93,0.74,5,Low,0,"APP537,APP653",2
APP314,repurpose interactive e-commerce,0.2,0.47,7,Medium,0,"APP626,APP007,APP557,APP401,APP188",5
APP315,utilize user-centric experiences,0.38,0.88,12,Low,1,0,0
APP316,integrate next-generation mindshare,0.11,0.88,6,High,1,APP534,1
APP317,drive 24/365 interfaces,0.34,0.39,12,Medium,1,"APP454,APP124",2
APP318,facilitate 24/7 web-readiness,0.91,0.96,2,Low,1,"APP505,APP003,APP585,APP008",4
APP319,transform B2C experiences,0.68,0.35,5,Low,0,"APP051,APP204,APP661,APP212",4
APP320,seize cutting-edge relationships,0.7,0.19,15,Medium,0,0,0
APP321,e-enable collaborative experiences,0.14,0.93,6,High,0,"APP690,APP528,APP140,APP065",4
APP322,transition best-of-breed e-commerce,0.85,0.2,1,Low,0,"APP334,APP224,APP087",3
APP323,embrace innovative technologies,0.32,0.93,13,Low,1,"APP215,APP700,APP249",3
APP324,implement proactive e-services,0.57,0.91,3,Medium,0,"APP006,APP651,APP246,APP331",4
APP325,enable customized systems,0.3,0.48,5,Low,1,"APP201,APP444",2
APP326,utilize ubiquitous e-commerce,0.95,0.73,10,High,1,0,0
APP327,synergize viral paradigms,0.6,0.33,12,High,0,APP443,1
APP328,embrace turn-key supply-chains,0.21,0.51,10,High,0,"APP351,APP431,APP008",3
APP329,benchmark e-business vortals,0.41,0.41,8,Low,1,"APP170,APP444,APP004,APP530",4
APP330,unleash wireless bandwidth,0.34,0.73,6,Low,1,APP010,1
APP331,synergize efficient deliverables,0.71,0.11,6,Medium,0,"APP512,APP520",2
APP332,productize turn-key networks,0.89,0.65,9,Medium,1,"APP398,APP681",2
APP333,unleash bleeding-edge networks,0.19,0.7,2,Medium,1,APP612,1
APP334,monetize vertical markets,0.71,0.29,1,Low,1,"APP066,APP149",2
APP335,matrix revolutionary networks,0.96,0.83,3,High,1,0,0
APP336,maximize mission-critical initiatives,0.15,0.35,5,High,1,"APP620,APP253,APP503",3
APP337,strategize back-end interfaces,0.72,0.23,8,Low,0,"APP314,APP550,APP633,APP079",4
APP338,incentivize one-to-one relationships,0.25,0.98,9,Low,1,"APP095,APP034,APP578",3
APP339,innovate B2C initiatives,0.41,0.73,3,Low,0,APP561,1
APP340,envisioneer one-to-one bandwidth,0.44,0.54,14,Medium,0,APP459,1
APP341,deploy one-to-one e-markets,0.92,0.31,2,Medium,0,APP232,1
APP342,transition magnetic methodologies,0.65,0.34,7,Low,1,"APP555,APP232,APP213,APP309",4
APP343,matrix granular bandwidth,0.86,0.57,5,Medium,0,"APP355,APP009,APP077,APP307",4
APP344,seize enterprise relationships,0.97,0.98,8,Medium,1,"APP391,APP126,APP311",3
APP345,maximize customized paradigms,0.67,0.68,12,High,1,"APP646,APP275,APP680,APP511,APP055",5
APP346,deploy synergistic info-mediaries,0.23,0.33,12,High,0,0,0
APP347,whiteboard enterprise experiences,0.35,0.14,12,High,1,"APP089,APP252,APP269",3
APP348,engage rich markets,0.82,0.7,13,Medium,0,"APP219,APP602,APP309",3
APP349,incubate enterprise metrics,0.25,0.89,1,Medium,0,"APP255,APP699,APP479,APP491",4
APP350,re-contextualize global web services,0.32,0.63,10,High,0,0,0
APP351,deliver B2C initiatives,0.86,0.35,13,High,1,0,0
APP352,monetize plug-and-play models,0.92,0.99,12,Low,1,"APP627,APP498,APP331,APP217",4
APP353,innovate next-generation experiences,0.28,0.23,3,Medium,1,APP258,1
APP354,architect visionary web services,0.78,0.19,7,Low,0,"APP462,APP684,APP471",3
APP355,utilize sticky architectures,0.77,0.14,13,Medium,0,0,0
APP356,seize customized convergence,0.58,0.32,6,High,1,"APP018,APP611,APP342",3
APP357,streamline dot-com relationships,0.75,0.17,5,Medium,0,0,0
APP358,syndicate transparent models,0.19,0.74,6,High,1,"APP309,APP398",2
APP359,transform one-to-one e-commerce,0.63,0.86,7,High,1,APP692,1
APP360,benchmark innovative metrics,0.86,0.38,14,High,1,"APP034,APP130",2
APP361,maximize collaborative e-business,0.47,1.0,10,Low,0,0,0
APP362,revolutionize real-time niches,0.15,0.45,2,Medium,0,APP508,1
APP363,incentivize revolutionary e-services,0.44,0.49,8,High,1,0,0
APP364,transform holistic web-readiness,0.37,0.31,12,Low,0,"APP409,APP596,APP009,APP659",4
APP365,synthesize bricks-and-clicks convergence,0.29,0.37,8,Medium,1,"APP270,APP355,APP375,APP389",4
APP366,mesh strategic channels,0.68,0.86,12,Low,1,"APP545,APP342",2
APP367,productize interactive platforms,0.16,0.26,2,High,1,0,0
APP368,optimize next-generation experiences,0.22,0.95,8,Low,1,0,0
APP369,engage real-time architectures,0.12,0.34,8,High,1,"APP178,APP277,APP312,APP393",4
APP370,target killer niches,0.79,0.33,8,Low,0,"APP324,APP678",2
APP371,utilize best-of-breed markets,0.89,0.62,10,High,1,0,0
APP372,brand strategic metrics,0.45,0.25,8,Low,0,"APP538,APP172",2
APP373,enhance out-of-the-box mindshare,0.61,0.19,15,Low,0,"APP677,APP166,APP221,APP164",4
APP374,maximize dynamic interfaces,0.95,0.76,10,Medium,1,"APP637,APP220,APP070,APP052,APP494",5
APP375,matrix granular ROI,0.93,0.62,14,Medium,1,"APP114,APP454",2
APP376,matrix 24/365 networks,0.26,0.55,11,Medium,0,"APP612,APP443,APP611",3
APP377,orchestrate revolutionary partnerships,0.13,0.74,8,High,0,"APP274,APP023,APP011,APP144,APP590",5
APP378,enhance robust ROI,0.3,0.9,6,High,1,"APP588,APP339,APP203,APP301,APP499",5
APP379,transform best-of-breed architectures,0.28,0.43,4,High,1,"APP226,APP333,APP572,APP385,APP307",5
APP380,e-enable turn-key supply-chains,0.88,0.41,1,Low,0,"APP115,APP063,APP622,APP212",4
APP381,facilitate global relationships,0.75,0.29,3,High,1,"APP314,APP095,APP063,APP460,APP633",5
APP382,cultivate customized methodologies,0.68,0.98,4,Low,0,"APP464,APP159,APP515",3
APP383,repurpose enterprise communities,0.39,0.37,13,Low,1,"APP445,APP267,APP530,APP027",4
APP384,extend dynamic e-services,0.94,0.55,14,Low,1,0,0
APP385,iterate turn-key e-markets,0.85,0.46,9,High,1,APP043,1
APP386,morph transparent schemas,0.44,0.97,10,High,1,APP012,1
APP387,disintermediate robust portals,0.85,0.14,10,High,1,0,0
APP388,engineer intuitive networks,0.19,0.38,4,Medium,0,APP056,1
APP389,incubate impactful models,0.11,0.88,8,Medium,1,"APP220,APP673,APP216,APP477,APP004",5
APP390,incubate killer relationships,0.56,0.77,4,Low,1,"APP131,APP108",2
APP391,morph seamless methodologies,0.11,0.64,14,Low,1,"APP441,APP042,APP484",3
APP392,scale magnetic portals,0.66,0.12,14,Low,0,"APP183,APP001,APP137,APP076",4
APP393,transition impactful technologies,0.69,0.42,12,Low,1,APP151,1
APP394,enhance cross-platform schemas,0.22,0.77,5,High,1,APP088,1
APP395,revolutionize user-centric mindshare,0.59,0.25,13,Medium,1,"APP345,APP625",2
APP396,productize B2C schemas,0.55,0.98,7,Low,0,APP425,1
APP397,evolve extensible technologies,0.83,0.76,12,Medium,1,"APP358,APP662,APP250,APP077",4
APP398,incubate viral networks,0.94,0.98,4,Low,0,0,0
APP399,envisioneer value-added applications,0.58,0.54,11,High,1,"APP202,APP293,APP656,APP095",4
APP400,exploit magnetic relationships,0.28,0.42,13,Medium,1,"APP398,APP574,APP200,APP637",4
APP401,productize plug-and-play convergence,0.88,0.95,9,Medium,0,"APP135,APP559,APP370,APP076",4
APP402,utilize holistic users,0.7,0.28,12,High,0,APP657,1
APP403,leverage impactful initiatives,0.45,0.57,4,Low,0,"APP446,APP439,APP116",3
APP404,incentivize user-centric functionalities,0.5,0.12,12,Medium,1,"APP516,APP170",2
APP405,morph cutting-edge web-readiness,0.47,0.89,13,High,0,"APP180,APP587,APP222,APP312,APP232",5
APP406,disintermediate scalable initiatives,0.1,0.31,14,Low,0,"APP043,APP282",2
APP407,incentivize front-end e-commerce,0.58,0.66,5,High,1,"APP642,APP375",2
APP408,generate B2C deliverables,0.53,0.85,2,Low,0,"APP366,APP338,APP328",3
APP409,enable leading-edge bandwidth,0.84,0.88,2,Low,1,APP298,1
APP410,e-enable B2C experiences,0.95,0.14,5,High,0,"APP168,APP234",2
APP411,evolve interactive experiences,0.42,0.58,8,High,0,"APP069,APP454,APP543,APP275",4
APP412,facilitate value-added mindshare,0.77,0.43,13,High,1,"APP687,APP100,APP207,APP347",4
APP413,grow 24/7 methodologies,0.42,0.31,11,Low,1,"APP004,APP648",2
APP414,optimize integrated infrastructures,0.26,0.48,7,High,1,"APP649,APP019,APP570,APP657,APP444",5
APP415,reinvent 24/7 e-markets,0.21,0.54,7,High,1,0,0
APP416,grow efficient architectures,0.33,0.68,3,Low,1,"APP366,APP594,APP273,APP405,APP484",5
APP417,incubate value-added experiences,0.68,0.88,8,Medium,0,0,0
APP418,matrix strategic ROI,0.39,0.69,1,Low,0,0,0
APP419,disintermediate proactive methodologies,0.8,0.64,3,High,1,"APP163,APP274,APP084,APP334,APP053",5
APP420,matrix integrated platforms,0.7,0.15,9,Low,0,"APP235,APP444,APP349,APP156,APP567",5
APP421,utilize wireless info-mediaries,0.86,0.58,3,Low,1,0,0
APP422,monetize cutting-edge eyeballs,0.92,0.76,4,Medium,1,"APP049,APP387",2
APP423,transition bleeding-edge synergies,0.46,0.91,11,High,1,"APP605,APP612,APP589",3
APP424,productize efficient deliverables,0.5,0.43,3,High,1,"APP001,APP269,APP220,APP360",4
APP425,repurpose B2B mindshare,0.63,0.94,11,High,0,"APP070,APP132,APP206",3
APP426,evolve interactive e-business,0.2,0.31,2,High,0,"APP483,APP261,APP331",3
APP427,unleash killer functionalities,0.72,0.68,10,Low,0,"APP308,APP031,APP066,APP688",4
APP428,target robust deliverables,0.62,0.51,14,Medium,0,0,0
APP429,harness global communities,0.64,0.51,8,Low,1,"APP314,APP061,APP053",3
APP430,e-enable one-to-one web services,0.38,0.54,3,Low,0,"APP242,APP626,APP640,APP040",4
APP431,empower holistic platforms,0.66,0.14,4,High,0,"APP409,APP017,APP124,APP219,APP526",5
APP432,orchestrate cutting-edge mindshare,0.13,0.8,6,Low,1,0,0
APP433,facilitate scalable users,0.93,0.69,7,Low,0,APP191,1
APP434,grow cutting-edge communities,0.81,0.37,11,Medium,0,APP578,1
APP435,morph collaborative experiences,0.1,0.96,8,Low,1,"APP395,APP086,APP079,APP281",4
APP436,expedite impactful ROI,0.52,0.69,12,Medium,0,"APP263,APP019,APP572,APP541",4
APP437,incentivize innovative eyeballs,0.14,0.38,10,Medium,0,0,0
APP438,deliver user-centric systems,0.32,0.58,6,Low,1,APP367,1
APP439,re-contextualize next-generation communities,0.51,0.4,9,Medium,0,"APP208,APP455",2
APP440,empower e-business web services,0.1,0.31,1,High,1,"APP223,APP397,APP204,APP139,APP564",5
APP441,grow sticky networks,0.69,0.18,5,Low,1,"APP349,APP322,APP309,APP207,APP114",5
APP442,matrix revolutionary e-tailers,0.77,0.24,12,Low,0,"APP392,APP177,APP360",3
APP443,engage collaborative communities,0.13,0.37,15,Low,1,APP087,1
APP444,maximize e-business paradigms,0.39,0.46,8,Low,1,APP027,1
APP445,benchmark web-enabled users,0.81,0.11,6,High,1,"APP061,APP575,APP238",3
APP446,extend synergistic supply-chains,0.69,0.47,3,High,1,"APP267,APP288,APP278",3
APP447,productize interactive vortals,0.71,0.57,10,Medium,1,"APP471,APP117,APP149,APP284,APP545",5
APP448,empower wireless systems,0.14,0.73,12,Medium,1,"APP178,APP609",2
APP449,scale efficient functionalities,0.72,0.45,12,Medium,1,"APP642,APP346,APP662",3
APP450,synergize revolutionary convergence,0.46,0.89,14,High,0,"APP113,APP583",2
APP451,disintermediate scalable supply-chains,0.37,0.28,11,Medium,0,APP098,1
APP452,benchmark compelling portals,0.51,0.14,11,Medium,0,"APP668,APP608,APP578,APP458,APP672",5
APP453,iterate impactful e-commerce,0.84,0.69,14,High,0,"APP116,APP635",2
APP454,synthesize sticky interfaces,0.73,0.41,14,High,0,"APP095,APP249,APP248,APP682",4
APP455,expedite intuitive info-mediaries,0.71,0.85,7,Medium,0,0,0
APP456,streamline intuitive users,0.16,0.64,1,Medium,0,"APP405,APP295,APP427,APP173",4
APP457,cultivate scalable bandwidth,0.82,0.32,1,High,0,"APP175,APP082,APP583,APP216,APP592",5
APP458,cultivate scalable mindshare,0.99,0.26,2,Low,1,"APP442,APP122,APP524,APP677,APP624",5
APP459,cultivate frictionless convergence,0.45,0.21,10,Medium,1,APP491,1
APP460,benchmark synergistic info-mediaries,0.26,0.26,1,High,1,APP506,1
APP461,facilitate leading-edge content,0.96,0.11,14,Medium,1,"APP552,APP090",2
APP462,transition granular info-mediaries,0.7,0.4,8,Low,0,"APP587,APP110,APP226",3
APP463,matrix wireless e-services,0.9,0.12,10,High,1,"APP532,APP390,APP681,APP592",4
APP464,brand impactful info-mediaries,0.98,0.16,3,High,1,"APP203,APP638",2
APP465,morph interactive synergies,0.31,0.38,13,Low,1,"APP318,APP144,APP280",3
APP466,streamline B2C interfaces,0.21,0.99,2,High,1,"APP667,APP675,APP272,APP336,APP544",5
APP467,whiteboard open-source e-markets,0.2,0.44,4,High,1,0,0
APP468,brand impactful markets,0.45,0.2,11,Low,0,"APP417,APP695,APP532",3
APP469,re-intermediate e-business web services,0.67,0.18,10,High,0,"APP630,APP093",2
APP470,engage viral e-commerce,0.76,0.92,2,Medium,1,"APP531,APP029,APP160,APP271",4
APP471,seize dynamic content,0.52,0.13,14,Medium,1,"APP462,APP247,APP021,APP292,APP324",5
APP472,morph scalable schemas,0.4,0.77,5,High,1,"APP688,APP518,APP566",3
APP473,re-intermediate dot-com bandwidth,0.42,0.36,5,Medium,1,APP246,1
APP474,productize strategic e-tailers,0.21,0.89,14,Low,1,0,0
APP475,mesh proactive e-services,0.37,0.31,6,Medium,1,"APP582,APP098,APP082,APP052",4
APP476,morph dynamic channels,0.25,0.59,6,Medium,1,APP339,1
APP477,target dot-com partnerships,0.49,0.66,2,Medium,1,"APP047,APP043,APP260",3
APP478,seize scalable synergies,0.52,0.88,5,Low,1,0,0
APP479,expedite 24/365 experiences,0.87,0.58,11,Low,1,0,0
APP480,transform e-business partnerships,0.69,0.97,1,High,1,"APP063,APP538,APP460,APP220",4
APP481,generate rich technologies,0.99,0.47,10,Medium,1,"APP665,APP534,APP604,APP637,APP107",5
APP482,morph dot-com models,0.77,0.25,5,Medium,0,"APP058,APP196,APP418,APP553,APP011",5
APP483,utilize open-source users,0.32,0.42,12,Medium,1,"APP560,APP494,APP538,APP281,APP235",5
APP484,extend interactive relationships,0.13,0.84,6,Medium,0,APP267,1
APP485,deliver enterprise communities,0.7,0.46,7,Medium,0,APP280,1
APP486,envisioneer back-end markets,0.3,0.95,10,Medium,1,"APP317,APP185,APP432,APP205",4
APP487,enhance global deliverables,0.77,0.72,13,High,0,"APP250,APP102,APP055",3
APP488,benchmark visionary initiatives,0.18,0.62,6,Low,0,"APP411,APP101",2
APP489,redefine 24/7 communities,0.13,0.82,7,High,0,APP193,1
APP490,extend proactive e-services,0.6,0.47,9,High,1,"APP678,APP141",2
APP491,enhance interactive interfaces,0.11,0.76,12,High,1,"APP663,APP003,APP658,APP328",4
APP492,streamline real-time initiatives,0.39,0.32,1,Low,1,"APP463,APP095,APP542",3
APP493,brand user-centric ROI,0.17,0.28,12,Medium,0,"APP185,APP484,APP270,APP627",4
APP494,synergize turn-key channels,0.86,0.88,4,Medium,0,APP195,1
APP495,deliver holistic interfaces,0.65,0.21,7,High,0,"APP251,APP586",2
APP496,syndicate granular solutions,0.42,0.71,13,Low,0,"APP344,APP686,APP585",3
APP497,optimize e-business mindshare,0.5,0.97,14,Low,1,"APP396,APP320,APP405,APP545,APP672",5
APP498,revolutionize back-end communities,0.63,0.64,11,Low,1,"APP064,APP666",2
APP499,architect dynamic paradigms,0.64,0.5,6,Medium,1,APP087,1
APP500,cultivate back-end info-mediaries,0.37,0.21,12,High,0,"APP264,APP635",2
APP501,e-enable rich relationships,0.29,0.57,5,Low,0,"APP094,APP324,APP198",3
APP502,target rich initiatives,0.82,0.55,14,High,1,0,0
APP503,visualize B2B channels,0.74,0.79,4,High,0,APP553,1
APP504,deploy sticky networks,0.95,0.3,4,High,0,"APP262,APP338",2
APP505,generate ubiquitous supply-chains,0.78,0.99,2,High,0,"APP238,APP001,APP220,APP292,APP024",5
APP506,drive magnetic action-items,0.74,0.86,7,High,1,"APP136,APP487",2
APP507,cultivate seamless partnerships,0.41,0.38,1,Low,0,APP114,1
APP508,exploit dynamic solutions,0.58,0.89,5,Medium,1,"APP311,APP072,APP178,APP339,APP691",5
APP509,mesh interactive metrics,0.43,0.35,5,Medium,0,0,0
APP510,deploy web-enabled e-commerce,0.26,0.21,5,Medium,0,"APP587,APP373",2
APP511,iterate synergistic schemas,0.24,0.54,8,High,1,0,0
APP512,monetize customized infrastructures,0.71,0.62,8,High,1,"APP630,APP340,APP363,APP567,APP218",5
APP513,whiteboard ubiquitous channels,0.58,0.27,7,High,1,"APP657,APP365,APP004,APP461,APP209",5
APP514,expedite global technologies,0.96,0.56,1,High,1,"APP104,APP491,APP019,APP020",4
APP515,transition wireless e-services,0.3,0.95,13,Medium,1,"APP687,APP393",2
APP516,revolutionize front-end channels,0.56,0.64,1,Medium,0,0,0
APP517,embrace proactive systems,0.83,0.94,5,Medium,1,"APP200,APP465,APP172",3
APP518,mesh 24/365 systems,1.0,0.91,12,High,1,"APP238,APP561,APP319,APP498",4
APP519,generate dynamic convergence,0.52,0.44,4,High,0,APP077,1
APP520,facilitate front-end functionalities,0.89,0.34,11,High,0,APP533,1
APP521,scale scalable paradigms,0.87,0.61,8,Medium,0,APP352,1
APP522,harness bricks-and-clicks channels,0.77,0.61,6,Medium,0,0,0
APP523,mesh end-to-end schemas,0.98,0.65,13,Medium,0,"APP445,APP099",2
APP524,whiteboard scalable deliverables,0.11,0.75,8,Low,1,"APP340,APP168",2
APP525,transition extensible web-readiness,0.88,0.3,11,Medium,1,"APP636,APP621,APP652",3
APP526,benchmark best-of-breed partnerships,0.88,0.94,6,Low,0,"APP590,APP197,APP345,APP154,APP199",5
APP527,leverage next-generation mindshare,0.23,0.59,4,Low,1,"APP043,APP342,APP576,APP423,APP143",5
APP528,harness mission-critical networks,0.56,0.93,9,Low,0,"APP480,APP122",2
APP529,innovate cross-platform methodologies,0.23,0.45,13,High,0,"APP484,APP373,APP197,APP161",4
APP530,enable strategic paradigms,0.8,0.43,5,Medium,1,0,0
APP531,matrix vertical niches,0.55,0.64,5,Low,1,0,0
APP532,synergize enterprise deliverables,0.77,0.31,11,Medium,1,"APP597,APP513,APP232",3
APP533,embrace killer bandwidth,0.27,0.67,15,Low,1,"APP450,APP009,APP570",3
APP534,orchestrate seamless schemas,0.23,0.77,4,Low,0,"APP237,APP428,APP495,APP113",4
APP535,unleash virtual web services,0.37,0.36,4,Low,1,APP006,1
APP536,drive vertical applications,0.38,0.69,9,High,0,APP005,1
APP537,re-intermediate seamless users,0.94,0.79,7,Low,1,"APP393,APP041,APP413,APP342",4
APP538,productize 24/7 infrastructures,0.73,0.55,13,High,0,0,0
APP539,seize value-added schemas,0.87,0.8,4,Low,1,"APP206,APP111,APP549,APP020",4
APP540,innovate bleeding-edge methodologies,0.27,0.98,15,High,0,"APP508,APP487,APP361",3
APP541,visualize cross-platform web-readiness,0.6,0.18,13,Low,1,0,0
APP542,implement turn-key channels,0.69,0.76,6,Low,0,"APP118,APP580",2
APP543,benchmark vertical schemas,0.69,0.62,11,High,1,"APP414,APP015",2
APP544,deploy innovative technologies,0.19,0.73,1,Medium,0,"APP427,APP072,APP053,APP412",4
APP545,visualize next-generation paradigms,0.76,0.29,8,High,1,"APP312,APP305",2
APP546,orchestrate dot-com relationships,0.99,0.94,9,Low,0,"APP127,APP269",2
APP547,mesh mission-critical web services,0.59,0.58,15,Low,1,"APP059,APP188,APP520",3
APP548,matrix 24/365 users,0.27,0.76,5,Medium,1,"APP289,APP430",2
APP549,enhance plug-and-play initiatives,0.2,0.94,14,Medium,0,"APP033,APP247,APP671,APP695",4
APP550,repurpose cutting-edge partnerships,0.35,0.72,12,Medium,0,"APP095,APP278",2
APP551,incentivize rich supply-chains,1.0,0.58,9,Medium,1,0,0
APP552,iterate integrated bandwidth,0.95,0.73,1,Medium,0,0,0
APP553,visualize ubiquitous interfaces,0.34,0.25,1,High,1,0,0
APP554,whiteboard bleeding-edge paradigms,0.83,0.4,13,Medium,1,"APP374,APP612,APP267,APP226,APP019",5
APP555,mesh compelling models,0.4,0.47,4,High,1,"APP215,APP454,APP151",3
APP556,evolve interactive synergies,0.14,0.34,10,Low,1,0,0
APP557,syndicate e-business relationships,0.7,0.77,3,High,0,"APP162,APP357,APP303",3
APP558,syndicate seamless initiatives,0.45,0.87,4,High,1,"APP669,APP674",2
APP559,redefine world-class experiences,0.27,0.23,11,High,1,0,0
APP560,utilize next-generation relationships,0.65,0.5,3,Medium,1,"APP254,APP260,APP456",3
APP561,visualize user-centric e-business,0.27,0.82,15,Low,1,"APP182,APP255,APP477,APP463,APP534",5
APP562,synthesize end-to-end schemas,0.73,0.25,14,Medium,0,0,0
APP563,redefine back-end content,0.93,0.16,3,High,1,"APP259,APP115",2
APP564,revolutionize cross-media supply-chains,0.53,0.53,3,Medium,1,"APP394,APP251,APP277",3
APP565,maximize distributed infrastructures,0.94,0.87,14,High,1,APP429,1
APP566,incentivize integrated web services,0.1,0.91,15,High,0,"APP535,APP599,APP265,APP490,APP657",5
APP567,reinvent innovative bandwidth,0.97,0.59,7,Low,0,APP516,1
APP568,drive wireless eyeballs,0.33,0.86,2,High,1,0,0
APP569,redefine wireless communities,0.42,0.97,7,High,0,"APP023,APP158,APP700,APP071",4
APP570,aggregate enterprise methodologies,0.79,0.99,7,Low,1,0,0
APP571,deliver interactive technologies,0.1,0.2,2,High,1,"APP064,APP269,APP479",3
APP572,extend 24/365 solutions,0.93,0.21,14,High,1,"APP538,APP188,APP290",3
APP573,visualize B2C e-services,0.38,0.19,12,Medium,1,"APP498,APP196",2
APP574,optimize magnetic applications,0.34,0.29,11,High,1,0,0
APP575,seize dynamic architectures,0.44,0.39,7,Medium,0,"APP644,APP073",2
APP576,syndicate efficient functionalities,0.21,0.81,6,High,0,"APP494,APP426,APP097,APP420",4
APP577,repurpose end-to-end web-readiness,0.75,0.97,7,Low,1,"APP594,APP549,APP396",3
APP578,envisioneer interactive metrics,0.93,0.61,6,Low,0,"APP053,APP291,APP665",3
APP579,syndicate cross-platform architectures,0.11,0.43,4,High,1,APP064,1
APP580,deploy clicks-and-mortar technologies,0.39,0.32,14,Medium,0,"APP588,APP388,APP699,APP110,APP440",5
APP581,drive scalable functionalities,0.11,0.15,8,Low,0,APP417,1
APP582,productize plug-and-play e-business,0.68,0.24,4,Low,1,APP658,1
APP583,target real-time e-services,0.86,0.72,8,Low,1,"APP400,APP460,APP252",3
APP584,visualize holistic metrics,0.54,0.63,13,Medium,0,0,0
APP585,evolve granular info-mediaries,0.61,0.99,4,Medium,1,"APP363,APP320,APP135,APP275",4
APP586,disintermediate synergistic content,0.28,0.71,15,Medium,1,"APP012,APP550",2
APP587,grow sticky e-business,0.31,0.87,8,High,0,0,0
APP588,empower cross-platform partnerships,0.97,0.23,7,Low,0,APP592,1
APP589,streamline magnetic eyeballs,0.37,0.56,2,Low,1,0,0
APP590,productize strategic paradigms,0.85,0.56,12,Low,0,"APP226,APP634,APP666,APP565,APP608",5
APP591,brand wireless supply-chains,0.76,0.78,7,Medium,1,0,0
APP592,re-intermediate intuitive methodologies,0.38,0.97,15,Low,0,"APP192,APP579",2
APP593,cultivate scalable interfaces,0.51,0.11,10,Low,0,"APP594,APP225,APP279,APP581,APP051",5
APP594,engineer front-end supply-chains,0.73,0.3,9,Low,1,"APP659,APP354,APP092,APP020,APP237",5
APP595,leverage dynamic functionalities,0.42,0.61,15,Medium,1,"APP104,APP677,APP537",3
APP596,revolutionize proactive communities,0.6,0.35,5,High,0,"APP269,APP462,APP392,APP255",4
APP597,deliver mission-critical functionalities,0.71,0.48,8,High,1,"APP357,APP553,APP036",3
APP598,deploy efficient convergence,0.64,0.73,7,Low,1,APP138,1
APP599,streamline magnetic eyeballs,0.78,0.6,6,High,0,"APP059,APP163,APP161,APP050",4
APP600,engineer strategic initiatives,0.42,0.59,1,High,0,"APP672,APP251,APP372,APP553",4
APP601,deliver turn-key functionalities,0.29,0.81,15,High,1,"APP495,APP202,APP416",3
APP602,synthesize distributed portals,0.13,0.82,1,Medium,0,APP268,1
APP603,streamline collaborative methodologies,0.43,0.43,13,Medium,1,"APP344,APP156",2
APP604,e-enable revolutionary applications,0.18,0.78,6,Low,0,APP332,1
APP605,e-enable revolutionary web-readiness,0.88,0.82,11,High,1,0,0
APP606,strategize e-business bandwidth,0.49,0.17,5,Low,1,APP034,1
APP607,evolve back-end e-markets,0.7,0.17,10,Low,0,0,0
APP608,expedite visionary eyeballs,0.87,0.53,1,Low,0,"APP639,APP482,APP223",3
APP609,enhance rich architectures,0.51,0.63,13,Low,0,APP675,1
APP610,productize dot-com convergence,0.89,0.65,11,High,0,"APP282,APP273,APP443",3
APP611,whiteboard bleeding-edge synergies,0.22,0.44,10,Low,1,"APP287,APP664,APP201,APP235,APP280",5
APP612,generate bricks-and-clicks networks,0.57,0.52,9,Medium,1,0,0
APP613,embrace one-to-one infrastructures,0.9,0.51,5,Medium,0,"APP296,APP198,APP390",3
APP614,reinvent viral vortals,0.51,0.63,13,High,1,"APP603,APP468,APP355",3
APP615,mesh killer e-business,0.27,0.19,8,Low,0,0,0
APP616,redefine revolutionary bandwidth,0.2,0.28,10,Low,0,APP157,1
APP617,enhance bricks-and-clicks web services,0.23,0.33,8,Low,1,"APP057,APP475,APP497,APP132",4
APP618,utilize turn-key networks,0.65,0.16,12,Medium,0,"APP149,APP314",2
APP619,monetize synergistic platforms,0.13,0.18,10,Low,1,"APP611,APP527",2
APP620,benchmark interactive functionalities,0.47,0.57,5,High,0,"APP428,APP446,APP650,APP454,APP263",5
APP621,architect interactive supply-chains,0.38,0.13,10,High,0,APP094,1
APP622,aggregate e-business e-tailers,0.87,0.36,13,High,1,0,0
APP623,synthesize out-of-the-box info-mediaries,0.66,0.28,3,Medium,1,"APP498,APP326,APP644,APP247",4
APP624,repurpose impactful networks,0.97,0.56,7,Low,0,"APP469,APP188,APP618",3
APP625,transition seamless users,0.77,0.73,3,High,0,APP115,1
APP626,orchestrate B2C mindshare,0.48,0.79,10,Medium,0,"APP275,APP497,APP427,APP145",4
APP627,optimize clicks-and-mortar content,0.7,0.5,14,High,1,"APP271,APP419,APP277",3
APP628,scale user-centric supply-chains,0.39,0.36,2,Low,1,"APP188,APP002,APP610",3
APP629,revolutionize out-of-the-box eyeballs,0.66,0.26,9,High,1,APP035,1
APP630,grow virtual synergies,0.15,0.96,5,Low,1,APP555,1
APP631,embrace leading-edge networks,0.51,0.56,7,High,1,"APP552,APP331,APP002,APP340",4
APP632,brand intuitive web services,0.66,0.99,1,Low,0,"APP489,APP013",2
APP633,target wireless e-tailers,0.79,0.72,9,High,1,"APP354,APP062,APP360",3
APP634,aggregate viral e-business,0.75,0.73,12,Low,0,"APP637,APP442,APP134,APP631",4
APP635,embrace next-generation synergies,0.22,0.14,3,High,0,"APP644,APP178,APP262",3
APP636,cultivate visionary markets,0.72,0.56,7,Low,1,0,0
APP637,facilitate back-end convergence,0.32,0.97,13,Medium,0,0,0
APP638,matrix seamless content,0.19,0.16,13,Low,0,"APP475,APP067,APP403",3
APP639,aggregate dot-com web-readiness,0.4,0.92,3,Medium,0,"APP482,APP394,APP392,APP441,APP444",5
APP640,streamline proactive portals,0.68,0.81,2,Low,1,"APP427,APP595,APP543",3
APP641,enable one-to-one e-services,0.78,0.31,3,Medium,1,0,0
APP642,mesh web-enabled supply-chains,0.39,0.58,9,High,1,"APP089,APP636,APP079,APP334",4
APP643,grow vertical e-business,0.15,0.54,9,High,1,"APP152,APP134,APP342",3
APP644,syndicate world-class paradigms,0.88,0.73,3,High,1,APP527,1
APP645,transition strategic supply-chains,0.76,0.52,11,Low,1,"APP015,APP276,APP094,APP693,APP463",5
APP646,re-contextualize clicks-and-mortar content,0.49,0.4,8,Medium,1,APP239,1
APP647,envisioneer scalable mindshare,0.18,0.84,2,Medium,0,APP376,1
APP648,enable rich e-tailers,0.14,0.25,3,High,1,0,0
APP649,streamline cross-platform models,0.42,0.36,1,Medium,1,"APP543,APP515,APP131,APP466",4
APP650,monetize frictionless deliverables,0.5,0.94,10,Medium,1,APP557,1
APP651,incentivize magnetic experiences,0.82,0.51,5,Medium,0,"APP556,APP251,APP061,APP436,APP401",5
APP652,enable granular mindshare,0.7,0.53,10,Low,0,APP558,1
APP653,redefine value-added solutions,0.37,0.25,12,Medium,1,"APP278,APP629,APP105,APP417,APP624",5
APP654,benchmark best-of-breed mindshare,0.13,0.64,6,High,0,"APP158,APP426",2
APP655,redefine plug-and-play partnerships,0.61,0.14,4,Medium,1,"APP230,APP695,APP618,APP628,APP640",5
APP656,extend dynamic models,0.69,0.92,15,Medium,1,"APP384,APP173",2
APP657,mesh synergistic deliverables,0.7,0.39,9,High,1,APP487,1
APP658,leverage intuitive applications,0.59,0.67,2,Low,1,"APP623,APP483,APP013",3
APP659,implement robust networks,0.34,0.47,5,Medium,0,APP367,1
APP660,e-enable proactive eyeballs,0.92,0.24,8,High,0,0,0
APP661,syndicate distributed initiatives,1.0,0.62,7,Low,1,"APP287,APP302",2
APP662,brand B2C synergies,0.34,0.99,4,High,1,0,0
APP663,repurpose customized synergies,0.76,0.19,14,High,1,APP380,1
APP664,synthesize distributed networks,0.63,0.9,12,Medium,0,"APP135,APP011",2
APP665,visualize magnetic platforms,0.56,0.56,5,Medium,0,"APP657,APP295",2
APP666,e-enable end-to-end functionalities,0.97,0.6,5,Medium,0,0,0
APP667,engineer real-time platforms,0.58,0.7,9,Medium,0,"APP464,APP235",2
APP668,transition B2B users,0.47,0.42,3,Low,0,"APP501,APP190",2
APP669,deploy enterprise web-readiness,0.8,0.76,15,Low,1,"APP527,APP045,APP523,APP690",4
APP670,evolve proactive experiences,0.67,0.11,6,Low,0,APP183,1
APP671,generate collaborative vortals,0.83,0.53,7,Low,1,"APP001,APP602",2
APP672,redefine enterprise e-business,0.61,0.57,7,Medium,1,"APP465,APP068,APP320",3
APP673,scale efficient portals,0.41,0.89,1,Medium,1,"APP218,APP009,APP027",3
APP674,reinvent 24/365 deliverables,0.54,0.34,12,Low,0,"APP228,APP341,APP206",3
APP675,expedite efficient info-mediaries,0.39,0.42,6,High,0,"APP277,APP427",2
APP676,repurpose innovative supply-chains,0.91,0.91,15,Medium,1,"APP499,APP640,APP680,APP162",4
APP677,evolve interactive initiatives,0.98,0.22,9,High,1,0,0
APP678,redefine granular web-readiness,0.5,0.39,1,High,1,"APP683,APP223",2
APP679,enable value-added infrastructures,0.99,0.84,13,High,1,"APP394,APP355,APP648",3
APP680,morph visionary systems,0.64,0.5,13,High,1,"APP440,APP053,APP648,APP250,APP604",5
APP681,generate virtual networks,0.48,0.18,8,Low,1,"APP385,APP026,APP285",3
APP682,engage e-business e-business,0.77,0.71,2,Low,0,"APP116,APP247,APP422,APP225,APP530",5
APP683,morph customized schemas,0.33,0.61,8,Low,0,0,0
APP684,grow viral deliverables,0.33,0.14,4,Medium,1,"APP197,APP484",2
APP685,integrate distributed models,0.9,0.9,9,Low,0,"APP535,APP320,APP137",3
APP686,deploy seamless e-tailers,0.69,0.57,4,High,0,"APP576,APP614,APP026,APP569,APP489",5
APP687,extend scalable e-tailers,0.29,0.41,9,Low,0,"APP171,APP208",2
APP688,engage wireless bandwidth,0.97,0.29,7,High,0,"APP473,APP441,APP150,APP156,APP115",5
APP689,generate 24/365 infrastructures,0.82,0.95,13,High,1,"APP057,APP426,APP120,APP545,APP648",5
APP690,synthesize proactive systems,0.89,0.38,1,Low,0,"APP045,APP313,APP321",3
APP691,brand real-time eyeballs,0.66,0.29,4,Low,1,"APP423,APP083,APP045,APP190",4
APP692,maximize one-to-one synergies,0.69,0.25,13,High,0,"APP102,APP691,APP019",3
APP693,deploy cross-media eyeballs,0.53,0.79,1,Low,0,"APP021,APP269,APP057",3
APP694,brand cross-media e-business,0.78,0.8,12,High,0,"APP688,APP545",2
APP695,mesh transparent systems,0.58,0.52,14,High,1,0,0
APP696,target bricks-and-clicks e-commerce,0.21,0.5,4,High,0,0,0
APP697,expedite one-to-one relationships,0.57,0.3,14,High,1,"APP552,APP036,APP022,APP277,APP031",5
APP698,streamline cross-platform supply-chains,0.87,0.38,7,Low,1,"APP623,APP596",2
APP699,scale plug-and-play functionalities,0.87,0.27,3,Low,0,APP326,1
APP700,matrix magnetic functionalities,0.63,0.12,6,Medium,1,0,0
